scenario,iteration,latency_ms
raft/1-node (f=0 fast path),0,98.7684
raft/1-node (f=0 fast path),1,100.8742
raft/1-node (f=0 fast path),2,100.2007
raft/1-node (f=0 fast path),3,98.5390
raft/1-node (f=0 fast path),4,100.4193
raft/1-node (f=0 fast path),5,100.2481
raft/1-node (f=0 fast path),6,99.6105
raft/1-node (f=0 fast path),7,100.6062
raft/1-node (f=0 fast path),8,101.3984
raft/1-node (f=0 fast path),9,98.4441
raft/1-node (f=0 fast path),10,101.1002
raft/1-node (f=0 fast path),11,97.9477
raft/1-node (f=0 fast path),12,101.1798
raft/1-node (f=0 fast path),13,99.5395
raft/1-node (f=0 fast path),14,101.0401
raft/1-node (f=0 fast path),15,99.3840
raft/1-node (f=0 fast path),16,100.7388
raft/1-node (f=0 fast path),17,100.0711
raft/1-node (f=0 fast path),18,98.4368
raft/1-node (f=0 fast path),19,101.3595
raft/1-node (f=0 fast path),20,100.1390
raft/1-node (f=0 fast path),21,99.7910
raft/1-node (f=0 fast path),22,99.4820
raft/1-node (f=0 fast path),23,98.8710
raft/1-node (f=0 fast path),24,101.1582
raft/1-node (f=0 fast path),25,100.5150
raft/1-node (f=0 fast path),26,98.7614
raft/1-node (f=0 fast path),27,99.3659
raft/1-node (f=0 fast path),28,102.3950
raft/1-node (f=0 fast path),29,98.0676
raft/1-node (f=0 fast path),30,100.4157
raft/1-node (f=0 fast path),31,101.2800
raft/1-node (f=0 fast path),32,97.9213
raft/1-node (f=0 fast path),33,100.5529
raft/1-node (f=0 fast path),34,98.8871
raft/1-node (f=0 fast path),35,102.9321
raft/1-node (f=0 fast path),36,97.6983
raft/1-node (f=0 fast path),37,99.9176
raft/1-node (f=0 fast path),38,100.9852
raft/1-node (f=0 fast path),39,100.4958
raft/1-node (f=0 fast path),40,98.8324
raft/1-node (f=0 fast path),41,101.0316
raft/1-node (f=0 fast path),42,99.4576
raft/1-node (f=0 fast path),43,99.0548
raft/1-node (f=0 fast path),44,100.7910
raft/1-node (f=0 fast path),45,100.6677
raft/1-node (f=0 fast path),46,97.7251
raft/1-node (f=0 fast path),47,101.1425
raft/1-node (f=0 fast path),48,101.5465
raft/1-node (f=0 fast path),49,99.6750
raft/1-node (f=0 fast path),50,99.7945
raft/1-node (f=0 fast path),51,100.5962
raft/1-node (f=0 fast path),52,99.5669
raft/1-node (f=0 fast path),53,99.6292
raft/1-node (f=0 fast path),54,100.1808
raft/1-node (f=0 fast path),55,99.9458
raft/1-node (f=0 fast path),56,100.1995
raft/1-node (f=0 fast path),57,98.7026
raft/1-node (f=0 fast path),58,99.4808
raft/1-node (f=0 fast path),59,100.2205
raft/1-node (f=0 fast path),60,101.3285
raft/1-node (f=0 fast path),61,99.8469
raft/1-node (f=0 fast path),62,98.3105
raft/1-node (f=0 fast path),63,100.5320
raft/1-node (f=0 fast path),64,100.0538
raft/1-node (f=0 fast path),65,99.8098
raft/1-node (f=0 fast path),66,101.5035
raft/1-node (f=0 fast path),67,99.2088
raft/1-node (f=0 fast path),68,100.3224
raft/1-node (f=0 fast path),69,99.1445
raft/1-node (f=0 fast path),70,99.4226
raft/1-node (f=0 fast path),71,101.6626
raft/1-node (f=0 fast path),72,100.3151
raft/1-node (f=0 fast path),73,98.0683
raft/1-node (f=0 fast path),74,101.4328
raft/1-node (f=0 fast path),75,99.3015
raft/1-node (f=0 fast path),76,101.0516
raft/1-node (f=0 fast path),77,98.8297
raft/1-node (f=0 fast path),78,100.5645
raft/1-node (f=0 fast path),79,99.8137
raft/1-node (f=0 fast path),80,98.2011
raft/1-node (f=0 fast path),81,102.2902
raft/1-node (f=0 fast path),82,98.7383
raft/1-node (f=0 fast path),83,99.6736
raft/1-node (f=0 fast path),84,99.7685
raft/1-node (f=0 fast path),85,101.6868
raft/1-node (f=0 fast path),86,98.2177
raft/1-node (f=0 fast path),87,100.2410
raft/1-node (f=0 fast path),88,101.9182
raft/1-node (f=0 fast path),89,99.7018
raft/1-node (f=0 fast path),90,98.9734
raft/1-node (f=0 fast path),91,100.4495
raft/1-node (f=0 fast path),92,100.3437
raft/1-node (f=0 fast path),93,98.9191
raft/1-node (f=0 fast path),94,101.4235
raft/1-node (f=0 fast path),95,99.1144
raft/1-node (f=0 fast path),96,100.9991
raft/1-node (f=0 fast path),97,99.9953
raft/1-node (f=0 fast path),98,99.6309
raft/1-node (f=0 fast path),99,100.0963
raft/1-node (f=0 fast path),100,98.4223
raft/1-node (f=0 fast path),101,102.0243
raft/1-node (f=0 fast path),102,99.4284
raft/1-node (f=0 fast path),103,98.1380
raft/1-node (f=0 fast path),104,100.6764
raft/1-node (f=0 fast path),105,99.7753
raft/1-node (f=0 fast path),106,100.7175
raft/1-node (f=0 fast path),107,100.2494
raft/1-node (f=0 fast path),108,99.1647
raft/1-node (f=0 fast path),109,100.3119
raft/1-node (f=0 fast path),110,98.9498
raft/1-node (f=0 fast path),111,101.3335
raft/1-node (f=0 fast path),112,100.6753
raft/1-node (f=0 fast path),113,98.5044
raft/1-node (f=0 fast path),114,100.4820
raft/1-node (f=0 fast path),115,100.4929
raft/1-node (f=0 fast path),116,100.3830
raft/1-node (f=0 fast path),117,99.6103
raft/1-node (f=0 fast path),118,100.2650
raft/1-node (f=0 fast path),119,99.9303
raft/1-node (f=0 fast path),120,99.2819
raft/1-node (f=0 fast path),121,101.3676
raft/1-node (f=0 fast path),122,98.9181
raft/1-node (f=0 fast path),123,98.6027
raft/1-node (f=0 fast path),124,101.5732
raft/1-node (f=0 fast path),125,100.6920
raft/1-node (f=0 fast path),126,98.3348
raft/1-node (f=0 fast path),127,100.4888
raft/1-node (f=0 fast path),128,101.2707
raft/1-node (f=0 fast path),129,99.8268
raft/1-node (f=0 fast path),130,98.6386
raft/1-node (f=0 fast path),131,100.6745
raft/1-node (f=0 fast path),132,99.1352
raft/1-node (f=0 fast path),133,99.9985
raft/1-node (f=0 fast path),134,99.8437
raft/1-node (f=0 fast path),135,100.6917
raft/1-node (f=0 fast path),136,99.9512
raft/1-node (f=0 fast path),137,99.1896
raft/1-node (f=0 fast path),138,101.5146
raft/1-node (f=0 fast path),139,98.9172
raft/1-node (f=0 fast path),140,100.2922
raft/1-node (f=0 fast path),141,99.5950
raft/1-node (f=0 fast path),142,100.1553
raft/1-node (f=0 fast path),143,100.1561
raft/1-node (f=0 fast path),144,100.4158
raft/1-node (f=0 fast path),145,99.4331
raft/1-node (f=0 fast path),146,98.9986
raft/1-node (f=0 fast path),147,102.7809
raft/1-node (f=0 fast path),148,98.9230
raft/1-node (f=0 fast path),149,98.9201
raft/1-node (f=0 fast path),150,99.4666
raft/1-node (f=0 fast path),151,101.6719
raft/1-node (f=0 fast path),152,99.9133
raft/1-node (f=0 fast path),153,98.8515
raft/1-node (f=0 fast path),154,99.7693
raft/1-node (f=0 fast path),155,99.4905
raft/1-node (f=0 fast path),156,101.5687
raft/1-node (f=0 fast path),157,99.8364
raft/1-node (f=0 fast path),158,100.2431
raft/1-node (f=0 fast path),159,98.6634
raft/1-node (f=0 fast path),160,101.4490
raft/1-node (f=0 fast path),161,99.2302
raft/1-node (f=0 fast path),162,100.4455
raft/1-node (f=0 fast path),163,98.8130
raft/1-node (f=0 fast path),164,100.9939
raft/1-node (f=0 fast path),165,100.1016
raft/1-node (f=0 fast path),166,100.1715
raft/1-node (f=0 fast path),167,99.2536
raft/1-node (f=0 fast path),168,100.7638
raft/1-node (f=0 fast path),169,98.7550
raft/1-node (f=0 fast path),170,100.5192
raft/1-node (f=0 fast path),171,100.4472
raft/1-node (f=0 fast path),172,99.3141
raft/1-node (f=0 fast path),173,99.1391
raft/1-node (f=0 fast path),174,100.9728
raft/1-node (f=0 fast path),175,100.3887
raft/1-node (f=0 fast path),176,100.4098
raft/1-node (f=0 fast path),177,100.4274
raft/1-node (f=0 fast path),178,98.8135
raft/1-node (f=0 fast path),179,100.5977
raft/1-node (f=0 fast path),180,100.2008
raft/1-node (f=0 fast path),181,99.7852
raft/1-node (f=0 fast path),182,98.7826
raft/1-node (f=0 fast path),183,100.0966
raft/1-node (f=0 fast path),184,100.9132
raft/1-node (f=0 fast path),185,101.0995
raft/1-node (f=0 fast path),186,97.4119
raft/1-node (f=0 fast path),187,101.5594
raft/1-node (f=0 fast path),188,99.4524
raft/1-node (f=0 fast path),189,101.8487
raft/1-node (f=0 fast path),190,98.5736
raft/1-node (f=0 fast path),191,100.8368
raft/1-node (f=0 fast path),192,99.1440
raft/1-node (f=0 fast path),193,99.4994
raft/1-node (f=0 fast path),194,100.7834
raft/1-node (f=0 fast path),195,100.2803
raft/1-node (f=0 fast path),196,99.8474
raft/1-node (f=0 fast path),197,98.1694
raft/1-node (f=0 fast path),198,101.5929
raft/1-node (f=0 fast path),199,100.0718
"raft/3-node (f=1, CFT)",0,2.5824
"raft/3-node (f=1, CFT)",1,2.1776
"raft/3-node (f=1, CFT)",2,1.7812
"raft/3-node (f=1, CFT)",3,1.2823
"raft/3-node (f=1, CFT)",4,1.7503
"raft/3-node (f=1, CFT)",5,1.2305
"raft/3-node (f=1, CFT)",6,1.5085
"raft/3-node (f=1, CFT)",7,1.4761
"raft/3-node (f=1, CFT)",8,1.3888
"raft/3-node (f=1, CFT)",9,2.4859
"raft/3-node (f=1, CFT)",10,1.2296
"raft/3-node (f=1, CFT)",11,1.3725
"raft/3-node (f=1, CFT)",12,1.1924
"raft/3-node (f=1, CFT)",13,1.1218
"raft/3-node (f=1, CFT)",14,1.2397
"raft/3-node (f=1, CFT)",15,1.0584
"raft/3-node (f=1, CFT)",16,1.1660
"raft/3-node (f=1, CFT)",17,1.0901
"raft/3-node (f=1, CFT)",18,1.2302
"raft/3-node (f=1, CFT)",19,1.0025
"raft/3-node (f=1, CFT)",20,1.6247
"raft/3-node (f=1, CFT)",21,1.4683
"raft/3-node (f=1, CFT)",22,1.1250
"raft/3-node (f=1, CFT)",23,1.0586
"raft/3-node (f=1, CFT)",24,1.1548
"raft/3-node (f=1, CFT)",25,1.2183
"raft/3-node (f=1, CFT)",26,1.0712
"raft/3-node (f=1, CFT)",27,1.0256
"raft/3-node (f=1, CFT)",28,1.0420
"raft/3-node (f=1, CFT)",29,1.0979
"raft/3-node (f=1, CFT)",30,0.9740
"raft/3-node (f=1, CFT)",31,0.8739
"raft/3-node (f=1, CFT)",32,0.7332
"raft/3-node (f=1, CFT)",33,1.9871
"raft/3-node (f=1, CFT)",34,1.0524
"raft/3-node (f=1, CFT)",35,0.9227
"raft/3-node (f=1, CFT)",36,1.2067
"raft/3-node (f=1, CFT)",37,0.7496
"raft/3-node (f=1, CFT)",38,0.8855
"raft/3-node (f=1, CFT)",39,0.8278
"raft/3-node (f=1, CFT)",40,0.8855
"raft/3-node (f=1, CFT)",41,0.9595
"raft/3-node (f=1, CFT)",42,1.0543
"raft/3-node (f=1, CFT)",43,0.9855
"raft/3-node (f=1, CFT)",44,0.8167
"raft/3-node (f=1, CFT)",45,0.9225
"raft/3-node (f=1, CFT)",46,1.0433
"raft/3-node (f=1, CFT)",47,0.7951
"raft/3-node (f=1, CFT)",48,2.6470
"raft/3-node (f=1, CFT)",49,0.6880
"raft/3-node (f=1, CFT)",50,0.8791
"raft/3-node (f=1, CFT)",51,0.9157
"raft/3-node (f=1, CFT)",52,0.9488
"raft/3-node (f=1, CFT)",53,0.9534
"raft/3-node (f=1, CFT)",54,0.9378
"raft/3-node (f=1, CFT)",55,0.7142
"raft/3-node (f=1, CFT)",56,0.7786
"raft/3-node (f=1, CFT)",57,0.9738
"raft/3-node (f=1, CFT)",58,1.2884
"raft/3-node (f=1, CFT)",59,1.2774
"raft/3-node (f=1, CFT)",60,1.0976
"raft/3-node (f=1, CFT)",61,0.7912
"raft/3-node (f=1, CFT)",62,0.9532
"raft/3-node (f=1, CFT)",63,0.8830
"raft/3-node (f=1, CFT)",64,2.4638
"raft/3-node (f=1, CFT)",65,0.8589
"raft/3-node (f=1, CFT)",66,0.8582
"raft/3-node (f=1, CFT)",67,0.9004
"raft/3-node (f=1, CFT)",68,1.2428
"raft/3-node (f=1, CFT)",69,0.9602
"raft/3-node (f=1, CFT)",70,0.8498
"raft/3-node (f=1, CFT)",71,0.9185
"raft/3-node (f=1, CFT)",72,1.0702
"raft/3-node (f=1, CFT)",73,0.9792
"raft/3-node (f=1, CFT)",74,0.9483
"raft/3-node (f=1, CFT)",75,0.9552
"raft/3-node (f=1, CFT)",76,0.8933
"raft/3-node (f=1, CFT)",77,0.8270
"raft/3-node (f=1, CFT)",78,1.0175
"raft/3-node (f=1, CFT)",79,0.8047
"raft/3-node (f=1, CFT)",80,1.8748
"raft/3-node (f=1, CFT)",81,1.1715
"raft/3-node (f=1, CFT)",82,0.9043
"raft/3-node (f=1, CFT)",83,0.8813
"raft/3-node (f=1, CFT)",84,0.7673
"raft/3-node (f=1, CFT)",85,0.9670
"raft/3-node (f=1, CFT)",86,0.8744
"raft/3-node (f=1, CFT)",87,0.8950
"raft/3-node (f=1, CFT)",88,1.1431
"raft/3-node (f=1, CFT)",89,1.4128
"raft/3-node (f=1, CFT)",90,0.9654
"raft/3-node (f=1, CFT)",91,1.1719
"raft/3-node (f=1, CFT)",92,0.9326
"raft/3-node (f=1, CFT)",93,1.0462
"raft/3-node (f=1, CFT)",94,1.1925
"raft/3-node (f=1, CFT)",95,1.1887
"raft/3-node (f=1, CFT)",96,1.1326
"raft/3-node (f=1, CFT)",97,0.8879
"raft/3-node (f=1, CFT)",98,1.8447
"raft/3-node (f=1, CFT)",99,0.9279
"raft/3-node (f=1, CFT)",100,0.8163
"raft/3-node (f=1, CFT)",101,0.9512
"raft/3-node (f=1, CFT)",102,0.8178
"raft/3-node (f=1, CFT)",103,0.9621
"raft/3-node (f=1, CFT)",104,1.1782
"raft/3-node (f=1, CFT)",105,0.9793
"raft/3-node (f=1, CFT)",106,1.2143
"raft/3-node (f=1, CFT)",107,1.1142
"raft/3-node (f=1, CFT)",108,0.9421
"raft/3-node (f=1, CFT)",109,0.9177
"raft/3-node (f=1, CFT)",110,0.8288
"raft/3-node (f=1, CFT)",111,0.8711
"raft/3-node (f=1, CFT)",112,0.7690
"raft/3-node (f=1, CFT)",113,0.9093
"raft/3-node (f=1, CFT)",114,1.0281
"raft/3-node (f=1, CFT)",115,0.9587
"raft/3-node (f=1, CFT)",116,0.8747
"raft/3-node (f=1, CFT)",117,1.3831
"raft/3-node (f=1, CFT)",118,1.3686
"raft/3-node (f=1, CFT)",119,1.0212
"raft/3-node (f=1, CFT)",120,0.8607
"raft/3-node (f=1, CFT)",121,1.0980
"raft/3-node (f=1, CFT)",122,1.1214
"raft/3-node (f=1, CFT)",123,0.9810
"raft/3-node (f=1, CFT)",124,0.9611
"raft/3-node (f=1, CFT)",125,0.8410
"raft/3-node (f=1, CFT)",126,1.1138
"raft/3-node (f=1, CFT)",127,0.9082
"raft/3-node (f=1, CFT)",128,1.0648
"raft/3-node (f=1, CFT)",129,0.9865
"raft/3-node (f=1, CFT)",130,0.9570
"raft/3-node (f=1, CFT)",131,0.9995
"raft/3-node (f=1, CFT)",132,0.9212
"raft/3-node (f=1, CFT)",133,0.9575
"raft/3-node (f=1, CFT)",134,0.9704
"raft/3-node (f=1, CFT)",135,1.0626
"raft/3-node (f=1, CFT)",136,1.0930
"raft/3-node (f=1, CFT)",137,1.2343
"raft/3-node (f=1, CFT)",138,0.9985
"raft/3-node (f=1, CFT)",139,1.6469
"raft/3-node (f=1, CFT)",140,1.2957
"raft/3-node (f=1, CFT)",141,0.9017
"raft/3-node (f=1, CFT)",142,0.9362
"raft/3-node (f=1, CFT)",143,2.2707
"raft/3-node (f=1, CFT)",144,0.8602
"raft/3-node (f=1, CFT)",145,1.1716
"raft/3-node (f=1, CFT)",146,1.0131
"raft/3-node (f=1, CFT)",147,1.0234
"raft/3-node (f=1, CFT)",148,1.0392
"raft/3-node (f=1, CFT)",149,1.0952
"raft/3-node (f=1, CFT)",150,1.3305
"raft/3-node (f=1, CFT)",151,1.2167
"raft/3-node (f=1, CFT)",152,1.2369
"raft/3-node (f=1, CFT)",153,1.0572
"raft/3-node (f=1, CFT)",154,1.1649
"raft/3-node (f=1, CFT)",155,1.2383
"raft/3-node (f=1, CFT)",156,1.0181
"raft/3-node (f=1, CFT)",157,1.0992
"raft/3-node (f=1, CFT)",158,1.7539
"raft/3-node (f=1, CFT)",159,1.5039
"raft/3-node (f=1, CFT)",160,0.9278
"raft/3-node (f=1, CFT)",161,0.9675
"raft/3-node (f=1, CFT)",162,0.8193
"raft/3-node (f=1, CFT)",163,1.0000
"raft/3-node (f=1, CFT)",164,1.2145
"raft/3-node (f=1, CFT)",165,0.7452
"raft/3-node (f=1, CFT)",166,1.0188
"raft/3-node (f=1, CFT)",167,1.0358
"raft/3-node (f=1, CFT)",168,0.9701
"raft/3-node (f=1, CFT)",169,1.2323
"raft/3-node (f=1, CFT)",170,0.8722
"raft/3-node (f=1, CFT)",171,1.0352
"raft/3-node (f=1, CFT)",172,0.8495
"raft/3-node (f=1, CFT)",173,1.0694
"raft/3-node (f=1, CFT)",174,0.9662
"raft/3-node (f=1, CFT)",175,1.0628
"raft/3-node (f=1, CFT)",176,1.0005
"raft/3-node (f=1, CFT)",177,0.7487
"raft/3-node (f=1, CFT)",178,0.8878
"raft/3-node (f=1, CFT)",179,0.8327
"raft/3-node (f=1, CFT)",180,0.9968
"raft/3-node (f=1, CFT)",181,1.0386
"raft/3-node (f=1, CFT)",182,0.8500
"raft/3-node (f=1, CFT)",183,1.2872
"raft/3-node (f=1, CFT)",184,1.4632
"raft/3-node (f=1, CFT)",185,1.3260
"raft/3-node (f=1, CFT)",186,0.7413
"raft/3-node (f=1, CFT)",187,1.1275
"raft/3-node (f=1, CFT)",188,1.0190
"raft/3-node (f=1, CFT)",189,1.3247
"raft/3-node (f=1, CFT)",190,1.2213
"raft/3-node (f=1, CFT)",191,0.8237
"raft/3-node (f=1, CFT)",192,0.9893
"raft/3-node (f=1, CFT)",193,0.8823
"raft/3-node (f=1, CFT)",194,0.8619
"raft/3-node (f=1, CFT)",195,1.0857
"raft/3-node (f=1, CFT)",196,1.1590
"raft/3-node (f=1, CFT)",197,1.1040
"raft/3-node (f=1, CFT)",198,1.1354
"raft/3-node (f=1, CFT)",199,0.9271
tendermint/1-node,0,0.5078
tendermint/1-node,1,0.6553
tendermint/1-node,2,0.4930
tendermint/1-node,3,0.5892
tendermint/1-node,4,2.4023
tendermint/1-node,5,1.3358
tendermint/1-node,6,0.5289
tendermint/1-node,7,0.5471
tendermint/1-node,8,0.5623
tendermint/1-node,9,0.5002
tendermint/1-node,10,0.4688
tendermint/1-node,11,0.8778
tendermint/1-node,12,0.5678
tendermint/1-node,13,0.4674
tendermint/1-node,14,0.4988
tendermint/1-node,15,0.4840
tendermint/1-node,16,0.4300
tendermint/1-node,17,0.5390
tendermint/1-node,18,0.5824
tendermint/1-node,19,0.5465
tendermint/1-node,20,0.5646
tendermint/1-node,21,0.4513
tendermint/1-node,22,0.5371
tendermint/1-node,23,0.4996
tendermint/1-node,24,0.4975
tendermint/1-node,25,0.5825
tendermint/1-node,26,0.5879
tendermint/1-node,27,0.5092
tendermint/1-node,28,0.5178
tendermint/1-node,29,0.5073
tendermint/1-node,30,0.5395
tendermint/1-node,31,0.4854
tendermint/1-node,32,0.4958
tendermint/1-node,33,0.8737
tendermint/1-node,34,0.7379
tendermint/1-node,35,0.5473
tendermint/1-node,36,0.5563
tendermint/1-node,37,0.5132
tendermint/1-node,38,0.4988
tendermint/1-node,39,0.5590
tendermint/1-node,40,0.5245
tendermint/1-node,41,0.5467
tendermint/1-node,42,0.4343
tendermint/1-node,43,0.5068
tendermint/1-node,44,0.4699
tendermint/1-node,45,0.5516
tendermint/1-node,46,0.4893
tendermint/1-node,47,0.5239
tendermint/1-node,48,0.5747
tendermint/1-node,49,0.4598
tendermint/1-node,50,0.5760
tendermint/1-node,51,0.4998
tendermint/1-node,52,0.4664
tendermint/1-node,53,0.9093
tendermint/1-node,54,1.4487
tendermint/1-node,55,1.0390
tendermint/1-node,56,1.0591
tendermint/1-node,57,0.6228
tendermint/1-node,58,0.6796
tendermint/1-node,59,0.5067
tendermint/1-node,60,0.5445
tendermint/1-node,61,0.4774
tendermint/1-node,62,0.6916
tendermint/1-node,63,0.7640
tendermint/1-node,64,1.0075
tendermint/1-node,65,0.9373
tendermint/1-node,66,0.7472
tendermint/1-node,67,0.5296
tendermint/1-node,68,0.7407
tendermint/1-node,69,0.6424
tendermint/1-node,70,0.6215
tendermint/1-node,71,0.5535
tendermint/1-node,72,0.5747
tendermint/1-node,73,0.5448
tendermint/1-node,74,0.4705
tendermint/1-node,75,0.6205
tendermint/1-node,76,1.9908
tendermint/1-node,77,1.0465
tendermint/1-node,78,0.6052
tendermint/1-node,79,0.6320
tendermint/1-node,80,0.5817
tendermint/1-node,81,0.4381
tendermint/1-node,82,0.5649
tendermint/1-node,83,0.6345
tendermint/1-node,84,0.4820
tendermint/1-node,85,0.9307
tendermint/1-node,86,1.1670
tendermint/1-node,87,0.4860
tendermint/1-node,88,0.6383
tendermint/1-node,89,0.5882
tendermint/1-node,90,1.2540
tendermint/1-node,91,1.0775
tendermint/1-node,92,0.9323
tendermint/1-node,93,1.3141
tendermint/1-node,94,2.3377
tendermint/1-node,95,1.1079
tendermint/1-node,96,0.6723
tendermint/1-node,97,0.6092
tendermint/1-node,98,0.5222
tendermint/1-node,99,2.3524
tendermint/1-node,100,0.8420
tendermint/1-node,101,0.5162
tendermint/1-node,102,0.5987
tendermint/1-node,103,1.3531
tendermint/1-node,104,1.0001
tendermint/1-node,105,0.4980
tendermint/1-node,106,0.4174
tendermint/1-node,107,0.5279
tendermint/1-node,108,3.2681
tendermint/1-node,109,2.1750
tendermint/1-node,110,1.9464
tendermint/1-node,111,1.3894
tendermint/1-node,112,0.5847
tendermint/1-node,113,0.8053
tendermint/1-node,114,0.6476
tendermint/1-node,115,0.5930
tendermint/1-node,116,0.8310
tendermint/1-node,117,0.8194
tendermint/1-node,118,0.6583
tendermint/1-node,119,0.6210
tendermint/1-node,120,0.4815
tendermint/1-node,121,0.5819
tendermint/1-node,122,0.4655
tendermint/1-node,123,0.4995
tendermint/1-node,124,0.5089
tendermint/1-node,125,0.4685
tendermint/1-node,126,0.5936
tendermint/1-node,127,0.6565
tendermint/1-node,128,1.0037
tendermint/1-node,129,0.6485
tendermint/1-node,130,0.8312
tendermint/1-node,131,0.4835
tendermint/1-node,132,0.9515
tendermint/1-node,133,1.4044
tendermint/1-node,134,0.5090
tendermint/1-node,135,0.5057
tendermint/1-node,136,0.4740
tendermint/1-node,137,0.5591
tendermint/1-node,138,0.5983
tendermint/1-node,139,0.5409
tendermint/1-node,140,0.4884
tendermint/1-node,141,0.6351
tendermint/1-node,142,0.8631
tendermint/1-node,143,0.6413
tendermint/1-node,144,0.5505
tendermint/1-node,145,0.4293
tendermint/1-node,146,0.4897
tendermint/1-node,147,0.5015
tendermint/1-node,148,0.4504
tendermint/1-node,149,0.5836
tendermint/1-node,150,0.4378
tendermint/1-node,151,0.8693
tendermint/1-node,152,0.8892
tendermint/1-node,153,0.5807
tendermint/1-node,154,0.5275
tendermint/1-node,155,0.4993
tendermint/1-node,156,0.4733
tendermint/1-node,157,0.4955
tendermint/1-node,158,1.6916
tendermint/1-node,159,1.3029
tendermint/1-node,160,1.1434
tendermint/1-node,161,0.8994
tendermint/1-node,162,0.7687
tendermint/1-node,163,0.5267
tendermint/1-node,164,0.5714
tendermint/1-node,165,0.5173
tendermint/1-node,166,0.4482
tendermint/1-node,167,0.4720
tendermint/1-node,168,0.7418
tendermint/1-node,169,0.5292
tendermint/1-node,170,0.5841
tendermint/1-node,171,0.5554
tendermint/1-node,172,0.6678
tendermint/1-node,173,2.1993
tendermint/1-node,174,2.3068
tendermint/1-node,175,0.9585
tendermint/1-node,176,2.6060
tendermint/1-node,177,1.4973
tendermint/1-node,178,1.1030
tendermint/1-node,179,0.8435
tendermint/1-node,180,1.0939
tendermint/1-node,181,1.8951
tendermint/1-node,182,1.4014
tendermint/1-node,183,1.8228
tendermint/1-node,184,0.8468
tendermint/1-node,185,0.6252
tendermint/1-node,186,0.5277
tendermint/1-node,187,0.5232
tendermint/1-node,188,0.7006
tendermint/1-node,189,0.5245
tendermint/1-node,190,0.4723
tendermint/1-node,191,2.2530
tendermint/1-node,192,0.4458
tendermint/1-node,193,0.7421
tendermint/1-node,194,0.5254
tendermint/1-node,195,0.5653
tendermint/1-node,196,0.4928
tendermint/1-node,197,0.5980
tendermint/1-node,198,0.4765
tendermint/1-node,199,0.4711
